{
	"providers": {
		"awscloudformation": {
			"AuthRoleName": "amplify-fora-web-foraenv-83829-authRole",
			"UnauthRoleArn": "arn:aws:iam::598828267186:role/amplify-fora-web-foraenv-83829-unauthRole",
			"AuthRoleArn": "arn:aws:iam::598828267186:role/amplify-fora-web-foraenv-83829-authRole",
			"Region": "us-east-2",
			"DeploymentBucketName": "amplify-fora-web-foraenv-83829-deployment",
			"UnauthRoleName": "amplify-fora-web-foraenv-83829-unauthRole",
			"StackName": "amplify-fora-web-foraenv-83829",
			"StackId": "arn:aws:cloudformation:us-east-2:598828267186:stack/amplify-fora-web-foraenv-83829/75434cd0-4ff8-11ea-9270-0247ef85be9c",
			"AmplifyAppId": "dnp0uipaxmq0l"
		}
	},
	"auth": {
		"foraweb64c1a673": {
			"service": "Cognito",
			"providerPlugin": "awscloudformation",
			"dependsOn": [],
			"providerMetadata": {
				"s3TemplateURL": "https://s3.amazonaws.com/amplify-fora-web-foraenv-83829-deployment/amplify-cfn-templates/auth/foraweb64c1a673-cloudformation-template.yml",
				"logicalId": "authforaweb64c1a673"
			},
			"lastPushTimeStamp": "2020-02-15T13:50:28.728Z",
			"output": {
				"AppClientSecret": "1bedlclffappnlv688qtfaojfhbsb20qg2ghkq7a19lamhbr8aj6",
				"UserPoolId": "us-east-2_bwZ7qRcp8",
				"AppClientIDWeb": "5ubp0sfd37mnc4tlpe5j7e5lv6",
				"AppClientID": "4a9vpf0ka9vsk7a2a0lqq344jq",
				"HostedUIDomain": "foraweb-foraenv",
				"IdentityPoolId": "us-east-2:8b7ca649-ecb7-4753-9a67-63bc10b3f23d",
				"IdentityPoolName": "foraweb64c1a673_identitypool_64c1a673__foraenv",
				"OAuthMetadata": "{\"AllowedOAuthFlows\":[\"code\"],\"AllowedOAuthScopes\":[\"phone\",\"email\",\"openid\",\"profile\",\"aws.cognito.signin.user.admin\"],\"CallbackURLs\":[\"http://localhost:3000/\"],\"LogoutURLs\":[\"http://localhost:3000/login/\"]}",
				"UserPoolName": "foraweb64c1a673_userpool_64c1a673"
			},
			"lastPushDirHash": "RXGpNz7Q65db4gQJM4+6HoCsxco="
		}
	}
}